usuarioId,nombre,email,edad,pais
U0001,Ricardo Benjamín Villanueva,johnsonjoshua@example.org,58,México
U0002,Raquel Amador,andresciro@example.org,19,Francia
U0003,Patricia Eugenia Aguayo Crespo,jennifermiles@example.com,35,Argentina
U0004,Arturo Pinto Caballero,jpeterson@example.org,32,España
U0005,Beatriz del Bermúdez,elisabet40@example.net,65,México
U0006,Alonso Gabino Longoria,maria95@example.net,61,Francia
U0007,Candelas Pellicer Padilla,felipeolivares@example.com,52,México
U0008,Elvira Dávila,sonia19@example.net,55,Perú
U0009,Frederick Tate,olerma@example.net,20,Guatemala
U0010,Curro Miranda Garcia,antoniomata@example.com,23,Argentina
U0011,Dr. Gerónimo Valentín,pfoster@example.com,32,El Salvador
U0012,Bruno del Bou,julie69@example.com,56,Guatemala
U0013,Arthur James,corralrosario@example.org,53,Argentina
U0014,Patricia Peterson,carolina01@example.net,63,Estados Unidos
U0015,Deborah Mason,dcruz@example.org,62,El Salvador
U0016,James Martin,lugosilvia@example.net,44,Argentina
U0017,Dimas Ambrosio Hernando Bermúdez,georgetracy@example.org,46,Costa Rica
U0018,Nicolás Roberto de Jesús Jaimes,wbarrientos@example.net,35,Italia
U0019,Eric Carney,ibrandt@example.net,18,Italia
U0020,Antonio Mireles,samuel87@example.org,69,España
U0021,Gabino Barreto Aparicio,nayeligaray@example.org,62,Perú
U0022,Mr. Nathaniel Khan,vilaplanajordan@example.com,39,Colombia
U0023,Bernardo Marcos Moreno,esanchez@example.com,27,Argentina
U0024,Maria Brown,usolera@example.org,66,Chile
U0025,Marcela Cintrón,lauren13@example.org,24,México
U0026,Nayeli Asunción Arteaga Toledo,leonsevillano@example.org,42,México
U0027,Clotilde Quero Barral,granadojoaquin@example.com,40,Japón
U0028,Héctor Pablo Torrecilla Cortina,yacevedo@example.com,40,Costa Rica
U0029,Erik Williams,mariano09@example.net,34,Italia
U0030,Teodoro Armando Gollum,baudelioverdejo@example.org,20,Francia
U0031,Sra. Linda Vergara,hozcristina@example.net,47,El Salvador
U0032,Benigna Marín Sebastián,sarah35@example.org,25,China
U0033,Angel Lewis MD,agustialvaro@example.net,42,México
U0034,Natividad Virginia Madrid Tafoya,hidalgorafael@example.com,53,Colombia
U0035,Rodolfo Elias Jurado,victoria12@example.com,58,Costa Rica
U0036,Deborah Freeman,liliananovoa@example.org,41,Costa Rica
U0037,Caridad Iglesias Cuellar,pinarodolfo@example.org,30,Francia
U0038,Augusto Eduardo Trejo,barnold@example.net,22,Guatemala
U0039,Iván Nava Arenas,nancy82@example.com,60,Argentina
U0040,Noemí Palomo Correa,isabeliborra@example.net,67,Colombia
U0041,Lilia Guzmán Jaramillo,josepaz@example.org,23,Japón
U0042,Maximiliano Montez,olivasaugusto@example.com,32,Japón
U0043,Hermelinda Eugenia Barrios,jacintoalvarez@example.net,24,Perú
U0044,Alexander Wiley,felipa86@example.net,35,Honduras
U0045,Ing. Inés Martínez,custodialara@example.org,58,Japón
U0046,Sr. Mariano Abreu,plazatrinidad@example.net,41,España
U0047,Estefanía Narcisa Casanovas Mas,michaeljones@example.net,41,Chile
U0048,Belen de Rivero,elizabeth56@example.net,31,Estados Unidos
U0049,Joshua Smith,lbyrd@example.net,35,Francia
U0050,Nereida García Vicente,titomontserrat@example.com,61,Estados Unidos
U0051,Lisa Davis,genovevablazquez@example.com,22,Costa Rica
U0052,Nicolás Beltrán,mauricio32@example.org,58,España
U0053,Gloria Hervás Coloma,tferreras@example.net,52,Francia
U0054,Chus del Ayllón,staffordmichelle@example.org,33,España
U0055,Manuelita Molins,samanthamartinez@example.org,47,Perú
U0056,Dora Huertas Lluch,ksalmeron@example.net,35,China
U0057,Dr. Héctor Meza,rsims@example.com,58,Francia
U0058,Patricio Gargallo Baró,chaconeutropio@example.org,53,Argentina
U0059,Cristian Rivera Porras,imuro@example.com,61,Chile
U0060,Gabriel Martín Porta,gateskathy@example.com,67,Italia
U0061,Albina Porcel Navarrete,amarilisgimenez@example.com,21,Argentina
U0062,Susan Vargas,dramsey@example.org,70,Guatemala
U0063,Gregorio Ojeda Menchaca,millerroy@example.com,69,Chile
U0064,Dolores Bilbao Sosa,vmena@example.com,43,Colombia
U0065,Aldo Gutiérrez Feliciano,montezmateo@example.net,22,Argentina
U0066,Travis Marshall,octaviocastro@example.com,54,China
U0067,Robert Oconnell,florencio99@example.net,63,Chile
U0068,Otilia Fiol Benitez,marreromiriam@example.net,31,Estados Unidos
U0069,Rebecca Knight,curtisbarton@example.net,49,Perú
U0070,Alexandria Fisher,luisa65@example.org,59,Honduras
U0071,Isaac Echeverría Vélez,rosselloporfirio@example.net,27,Colombia
U0072,Edelmira Mora-Higueras,christina87@example.com,26,Argentina
U0073,Gabrielle Snyder,estela37@example.net,65,El Salvador
U0074,Elisa Llorente Agustín,amarilisgaray@example.com,52,Colombia
U0075,Melissa Brewer,christophercortez@example.com,65,Costa Rica
U0076,Verónica Elvira Malave,falemany@example.com,45,China
U0077,Heather Chavez,thomas85@example.com,55,Perú
U0078,Vanesa Escalante,jeronimo13@example.com,41,Argentina
U0079,Kelly Campbell,ilselebron@example.net,26,El Salvador
U0080,Sr. Renato Castro,silvanogaytan@example.com,49,México
U0081,Margaret Mullins,ballestercarolina@example.com,66,Guatemala
U0082,Evita Espinosa Aznar,velarufino@example.com,25,España
U0083,Luis Baeza Cordero,ecarbonell@example.com,58,España
U0084,María Rosa Gonzalez Yáñez,enrique31@example.net,68,Estados Unidos
U0085,Lucas Martín Barrena Cabezas,tsalas@example.net,45,Costa Rica
U0086,Rodolfo Augusto Cortez Acevedo,raulbonilla@example.org,22,Perú
U0087,Ing. Mauro Batista,ssoriano@example.org,42,Costa Rica
U0088,Taylor Coleman,sandrafrench@example.net,47,El Salvador
U0089,Emilio Maldonado Yáñez,deborahkerr@example.org,34,El Salvador
U0090,Josué Uribe-Río,scott74@example.net,18,Estados Unidos
U0091,Artemio Granados Almansa,preciadoaida@example.net,64,México
U0092,Donald Shea,barbara27@example.net,61,China
U0093,Estrella Calvo Cuevas,ebou@example.com,52,Italia
U0094,Alicia del Borja,svalbuena@example.net,35,Italia
U0095,María del Carmen Pedraza,moises16@example.net,59,Chile
U0096,Pía Aznar Frutos,leticianajera@example.net,25,Colombia
U0097,Mr. Mark Lloyd,aureamaestre@example.com,45,España
U0098,Claudio Riojas,lancesmith@example.com,47,Guatemala
U0099,Ruben Baird,ivonnelovato@example.net,64,China
U0100,Lic. Carla Barrios,jurena@example.com,64,Colombia
U0101,Epifanio Martín Tovar,ynieto@example.net,50,Italia
U0102,Rafaela del Sarabia,etijerina@example.com,29,El Salvador
U0103,Tiburcio del Arranz,joseharo@example.net,24,Japón
U0104,Mrs. Amanda Shaw,ypiquer@example.net,58,Colombia
U0105,Poncio Cobos Redondo,molly71@example.net,58,El Salvador
U0106,Nydia Gisela Bernat Moya,charlesharrington@example.com,56,Argentina
U0107,Alicia de Guitart,ofinley@example.net,27,Chile
U0108,Ashlee Jackson,wendy16@example.org,66,España
U0109,Florentina Rosa Coello,arteagamoreno@example.org,52,Italia
U0110,Aurelio Vicente Olivas Guajardo,rvalles@example.org,51,China
U0111,Dominga Agustí Sola,jesusserra@example.net,18,Costa Rica
U0112,Victor Vaughn,candelariosala@example.com,38,Honduras
U0113,Olga Isabel Velasco,heliodoro67@example.org,19,México
U0114,Paula Beltran,alfredo64@example.org,41,China
U0115,Colleen Lee,swall@example.org,69,Colombia
U0116,Richard Johnson,eusebiacaballero@example.net,33,Guatemala
U0117,Curtis Buchanan,ciprianomarquez@example.com,33,China
U0118,Rosaura Cardona Solís,paulina24@example.com,54,México
U0119,Ruperto Prat Alcalá,mauricioosorio@example.net,23,Francia
U0120,Lauren Carson,sanzrafa@example.net,49,Japón
U0121,Kristina Herman,guillenadriana@example.org,22,Italia
U0122,Buenaventura Arrieta Arcos,riveratomas@example.net,52,Italia
U0123,Jesse Santiago,gcarmona@example.org,26,España
U0124,Sigfrido Tovar Raya,umatthews@example.org,60,Honduras
U0125,Teófilo del Cabezas,pellicerisaac@example.com,53,España
U0126,Benjamín Sanz,amy50@example.com,34,El Salvador
U0127,Elvira Castillo Vallejo,socorrozambrano@example.org,56,Perú
U0128,Jesús Cordero,urrutialuis-manuel@example.net,31,China
U0129,Christopher Guerrero,ramireztracey@example.org,52,Italia
U0130,Christopher Williams,aldomuniz@example.org,64,Francia
U0131,Reyes Paredes Vilanova,vfox@example.org,30,Francia
U0132,Gabriela Reynoso,hayesjeffrey@example.net,37,Perú
U0133,Jose Luis Salcedo Beltrán,browntimothy@example.com,60,Estados Unidos
U0134,Melisa Marisol Morcillo Piquer,patricia21@example.org,41,Honduras
U0135,Matthew Rich,shawn96@example.org,51,Honduras
U0136,Gloria Ricart Bustamante,russellbeasley@example.com,25,Argentina
U0137,Olegario Sánchez Bautista,qmilla@example.com,32,México
U0138,Robin Hawkins,cabanelsa@example.org,39,Guatemala
U0139,Ernesto Miguel Ortiz,elizabeth65@example.net,55,El Salvador
U0140,Noelia Nazario Carrero,jacintorosario@example.org,32,Costa Rica
U0141,Maria Johnson,noemiromeu@example.net,32,Guatemala
U0142,Cipriano Clemente Pérez,anthony44@example.com,22,Francia
U0143,Jamie Chavez,sandraangulo@example.org,58,Guatemala
U0144,Elias Cotto Arroyo,zacarias59@example.net,32,México
U0145,Donald Fischer,nelsonebony@example.com,20,Japón
U0146,Kelsey Parker,eloisa14@example.net,39,México
U0147,Dr. Darío Herrera,dzamudio@example.org,50,Argentina
U0148,Berto Pinto Grau,dimas07@example.net,35,Estados Unidos
U0149,Tomás Millán Román,charles06@example.org,49,Argentina
U0150,Alejandra Helena de la Torre,amckinney@example.com,52,España
U0151,Domingo Ruano Pérez,xcollier@example.org,64,China
U0152,Claudia Bermúdez Segovia,fosterkyle@example.com,54,Costa Rica
U0153,Desiderio Calderon Coll,schmidtjames@example.com,48,Argentina
U0154,Zeferino Oswaldo Rivera Valle,fulgenciocoronado@example.net,68,Honduras
U0155,Mrs. Tricia Stewart,kmaldonado@example.net,69,Perú
U0156,Manolo Barbero-Ortiz,somozavasco@example.net,30,México
U0157,Antonio Mohamed Bosch Vendrell,collinsshannon@example.org,24,Estados Unidos
U0158,Larry Mason,carmengol@example.net,45,Chile
U0159,Matthew Williams,zcandelaria@example.com,45,Perú
U0160,Jake Campbell,hritter@example.net,47,Japón
U0161,Gary Grant,iris90@example.net,64,Guatemala
U0162,Srita. Irene Marín,jose-antonio92@example.com,61,Estados Unidos
U0163,Florina del Castell,tanderson@example.org,59,México
U0164,Gloria Dueñas Gallegos,lucasrodney@example.com,21,Perú
U0165,Ignacio Bruno Sarabia,ofernandez@example.org,64,Chile
U0166,Ing. Cecilia Curiel,stanleynancy@example.net,69,Japón
U0167,Iván del Sanchez,emiliaarmas@example.com,24,Argentina
U0168,Isabela Serrano-Luján,wilfridorodarte@example.org,30,Argentina
U0169,Sr. Óliver Nieto,mcaceres@example.net,52,Honduras
U0170,Rico Cueto Llamas,dawsonzachary@example.org,26,Perú
U0171,Irene Aldonza Pedroza Avilés,paulinaruiz@example.org,29,Colombia
U0172,Jaime Camacho Meza,jonatan61@example.com,47,Argentina
U0173,Olivia Harrison,augustollamas@example.com,22,Honduras
U0174,Rebeca Suárez,bullockandrew@example.org,69,Japón
U0175,Gerardo Perea Reyna,maldonadojordan@example.com,53,México
U0176,Olivia Guardado,sanabrianorma@example.net,21,Estados Unidos
U0177,Ing. Cristina Briones,kellysmith@example.com,52,Japón
U0178,Jeanette Harrison,carlos88@example.net,18,México
U0179,Andrea Montaño Guajardo,qzavala@example.net,66,Japón
U0180,José Treviño Mireles,ingramjill@example.com,33,España
U0181,Santiago Cepeda Barroso,mariacohen@example.net,44,Honduras
U0182,Jacobo Marín Serrato,mjohnson@example.org,48,Argentina
U0183,Ing. Alvaro Meraz,cisern@example.net,43,China
U0184,Tyler Morgan,pedroulises@example.com,21,España
U0185,Prudencio Rodriguez Bermúdez,xsalinas@example.net,42,Guatemala
U0186,Jerónimo Ignacio Malave,caridadmarin@example.com,42,Colombia
U0187,Alondra Osorio Royo,sdiaz@example.com,68,Italia
U0188,Loida Cuesta Anguita,benavideshilda@example.net,47,Colombia
U0189,Isabela Olivera Valverde,iaragon@example.org,45,Francia
U0190,Luciano Cervantes Ávila,estelanevarez@example.com,64,Italia
U0191,Alberto Esteban Sanabria,pmiralles@example.com,53,Estados Unidos
U0192,Clotilde Machado Tudela,hmcintyre@example.com,63,Honduras
U0193,Araceli Trinidad Maya Montenegro,cervantezdiego@example.com,27,Argentina
U0194,José Eduardo Pedro Garrido Casas,piercekelly@example.com,36,Argentina
U0195,Maribel del Solsona,nicolassalcido@example.org,21,Costa Rica
U0196,Lucila Reig Recio,cherylmiller@example.com,65,El Salvador
U0197,Nieves Villar Ocaña,martinezlogan@example.org,21,Francia
U0198,Rafaél Elias Maestas,gregorioprieto@example.net,38,Guatemala
U0199,Sarah King,aidagarza@example.com,21,Costa Rica
U0200,Sara de la Garza,david49@example.net,48,El Salvador
U0201,Alondra Andrade-Bertrán,georgeweber@example.net,51,España
U0202,Kathleen Burton,tania39@example.com,21,El Salvador
U0203,Omar Barreda Cruz,almudena36@example.com,23,Japón
U0204,Bienvenida Estefanía Montaña Ojeda,dtome@example.org,29,México
U0205,David Martinez,martiriopellicer@example.net,56,México
U0206,Teresa Ripoll Hurtado,epifaniocaballero@example.org,61,Japón
U0207,Josefina Valenzuela,mitzy53@example.org,33,Perú
U0208,David Aguilar,falvarado@example.com,25,China
U0209,Donna Smith,lermaisabela@example.net,54,Argentina
U0210,Flavia Arrieta Pérez,qcervantes@example.net,55,Costa Rica
U0211,Mayte Margarita Urbina,ariadnauribe@example.com,20,Costa Rica
U0212,Manuela Pavón Cobos,castellscleto@example.com,23,Perú
U0213,Joaquín Nicolás Solano Reyes,csanches@example.org,60,Costa Rica
U0214,Pepita Soledad Martínez Navarrete,aldonzamatos@example.org,54,El Salvador
U0215,Hermelinda Carmona Peña,terickson@example.com,38,China
U0216,Maricruz Goñi-Aznar,laura09@example.com,34,Argentina
U0217,Jamie Underwood,ojackson@example.net,60,Francia
U0218,Graciela Linda Coronado Paz,vegafrancisco@example.org,38,Argentina
U0219,Michele Stone,roberthampton@example.com,34,Perú
U0220,Jeremías Noriega Pablo,whitney78@example.com,26,Estados Unidos
U0221,Todd Hendrix,chelsea33@example.com,59,Colombia
U0222,Manuelita Llanos Maestre,jennytorrijos@example.com,47,Chile
U0223,Ernesto Bermúdez Olivares,wortega@example.org,66,China
U0224,Justin Nelson,mariana73@example.org,22,Guatemala
U0225,David Garcia,omararteaga@example.net,47,Costa Rica
U0226,Celia Palomo,rcabrera@example.org,54,México
U0227,Mohamed Amor Borrás Guerra,mwoods@example.com,22,El Salvador
U0228,Marisol Cristina Longoria,gentrygregory@example.org,31,El Salvador
U0229,Eva Rentería Tórrez,lugomayte@example.net,34,España
U0230,Clemente Capdevila-Muro,ismall@example.net,40,China
U0231,Francisca Vanegas Espinoza,thinojosa@example.org,22,China
U0232,Susana Ariadna Escalante,gponce@example.com,33,Chile
U0233,Custodia Salom Lasa,pmejia@example.org,36,España
U0234,David Contreras,dafne90@example.com,46,Japón
U0235,Miguel Marquez Pedrero,feliciano68@example.net,52,Francia
U0236,Florentina Herminia Sotelo Gil,jeffreyanderson@example.org,37,Costa Rica
U0237,Thomas Rodriguez,soteloestefania@example.net,69,Estados Unidos
U0238,Michael Love,ashleyhernandez@example.com,51,Guatemala
U0239,José María Ribes Saura,vicensvictor-manuel@example.org,60,Japón
U0240,David Smith,hansenemily@example.com,53,Colombia
U0241,Zachary Michael,armentadulce@example.com,60,México
U0242,Luis Miguel José Manuél Olivas Rangel,saparicio@example.com,26,Colombia
U0243,Scott Wilson,rbernat@example.net,25,China
U0244,Isaac Rivas Tovar,urice@example.org,24,Francia
U0245,Emiliano Fabregat Carbajo,pgras@example.com,53,España
U0246,Teodoro Alejandro Ramón,paleman@example.org,35,Colombia
U0247,Dulce Badillo,sanchezbradley@example.com,56,Argentina
U0248,Sabrina Young,miguel-angel95@example.net,63,Chile
U0249,Paulina del Río,danielamacias@example.com,31,Estados Unidos
U0250,Rachel Flores,dpeters@example.com,58,Japón
U0251,María José Guajardo,tcompany@example.com,34,El Salvador
U0252,Manuela Cañete Pont,hugo70@example.net,49,Colombia
U0253,Julio Farré Aznar,lucas51@example.com,21,México
U0254,Kristin Mendoza,eariza@example.org,58,Perú
U0255,Zachary Mendoza,violeta03@example.org,35,Guatemala
U0256,Goyo Joan Palomar Mendez,claragrijalva@example.net,18,Chile
U0257,Ryan Rocha,armida77@example.org,67,España
U0258,Dean Donovan,severiano09@example.org,58,Colombia
U0259,Ofelia Elvira Sanabria,mphillips@example.com,28,Francia
U0260,Claudia Cintrón Treviño,jonathan77@example.com,46,El Salvador
U0261,Alvaro Abelardo Paz,yesicabarral@example.net,63,Perú
U0262,María Niño,danielcorona@example.org,53,Guatemala
U0263,Alexandra Moreno,bsaavedra@example.org,25,México
U0264,Ramón Eduardo Guajardo,ale86@example.org,62,China
U0265,Jimena Hervia Gonzalez,angelica46@example.org,27,El Salvador
U0266,Mamen Tamarit Barba,angulociro@example.com,20,Japón
U0267,Kylie Hodge,warnerchristopher@example.com,41,Costa Rica
U0268,Anthony Jones,godinezmanuel@example.net,53,España
U0269,Sergio Colón,escobarursula@example.com,45,España
U0270,Ruben Price,thickman@example.org,20,Colombia
U0271,Amy Kim,patrick21@example.net,41,China
U0272,Maximiliano Llano Sanjuan,pamela99@example.com,68,Japón
U0273,Ing. Antonia Lucero,pelayoperez@example.com,20,China
U0274,Rafael Porras Moliner,borregorene@example.org,40,Argentina
U0275,Pía Lerma Calatayud,bravoadelardo@example.com,61,Argentina
U0276,Jennifer Johnson,escobareloisa@example.com,60,México
U0277,Lic. Julio Bravo,moratarosario@example.com,40,Italia
U0278,Gustavo Israel Jasso Salcedo,ashleyjackson@example.com,53,China
U0279,Jose Antonio Rosendo Benítez Paniagua,de-la-fuenteelvia@example.com,44,Costa Rica
U0280,Brian Torres,lorenavalcarcel@example.net,65,España
U0281,Irene Cerdán Mas,prudencia96@example.com,33,Japón
U0282,Emelina Tudela Herrera,alejandramiralles@example.org,28,Italia
U0283,Lope Folch Escolano,ylozano@example.com,69,España
U0284,Florencia Verónica Barrientos Paredes,bentonsteven@example.net,44,Guatemala
U0285,Pepito Rocha Pi,ttaylor@example.org,29,Francia
U0286,Lilia del Arco,ezamora@example.net,39,Italia
U0287,Carol Salazar,canalesmaria-jose@example.org,44,Italia
U0288,Bruno Holguín Garibay,vrasmussen@example.com,60,Japón
U0289,Brittany Cuevas,seanmyers@example.net,65,Italia
U0290,Jos Jacinto Montalvo Reséndez,marquessevero@example.org,33,Colombia
U0291,Esther Bautista Marín,emontero@example.org,28,Italia
U0292,Germán Rafaél Delgado Urías,altamiranoana-luisa@example.net,62,México
U0293,Ciro Rosell Priego,marisela67@example.org,42,Japón
U0294,Pastor Garmendia Fuster,estelavillarreal@example.com,20,Japón
U0295,Helena Estrada Reyna,calnerea@example.net,48,Argentina
U0296,Gala María Jesús Poza Carbonell,yeni78@example.net,30,Japón
U0297,Elizabeth Mendez,ramona79@example.org,47,Chile
U0298,Ciriaco Perea Cid,zeferinocarvajal@example.org,37,Japón
U0299,Cayetana Torrecilla Duran,ibarnes@example.net,68,Japón
U0300,Amelia Teresita Palomar Agustí,tracytaylor@example.com,32,Argentina
U0301,Jennifer Vasquez,guiomarplana@example.net,19,Estados Unidos
U0302,Humberto Apodaca,fburns@example.net,30,Perú
U0303,Perlita Valbuena-Vicente,brigidamalo@example.org,39,Colombia
U0304,Amanda Ball,jassomaria-cristina@example.com,22,Italia
U0305,Sr. Mauricio Irizarry,veronicagarcia@example.net,35,Chile
U0306,Sergio Montoya,saavedrarosenda@example.org,59,El Salvador
U0307,Rufino Montoya Tejada,imartin@example.org,43,Estados Unidos
U0308,Scott Duke,moisesmarco@example.com,52,Chile
U0309,Dr. Cristobal Haro,taylorkaren@example.com,19,México
U0310,Lori Brooks,oswaldo67@example.org,34,España
U0311,Jenny Torrents Morán,padronlaura@example.net,55,Colombia
U0312,Madison Terry,meltonmelanie@example.org,20,México
U0313,Felix Luque-Nebot,bgamez@example.org,56,Perú
U0314,Amber Sims,ashleewashington@example.com,40,Francia
U0315,Abigaíl Roman Francisco,casanovaursula@example.org,68,Chile
U0316,Esmeralda Borrego Nieto,nicoleturner@example.com,45,Costa Rica
U0317,Jessica Davis,brettgarrett@example.net,50,México
U0318,Srita. Minerva Rael,gallardohelena@example.org,42,China
U0319,Benjamin Reyes,montalvogerardo@example.com,54,Argentina
U0320,Carla Sara Collazo,garciamichael@example.com,34,Guatemala
U0321,Paul Gillespie,de-andaesmeralda@example.com,63,Perú
U0322,Sergio Juan Carlos Montoya,fheath@example.org,18,El Salvador
U0323,Juan Greene,maxima23@example.com,69,El Salvador
U0324,Chelsea Myers,kimberly04@example.org,61,Francia
U0325,Aurelia Hernando Valero,bowerslaura@example.org,65,Francia
U0326,Guillermo Rivero Pavón,ricetiffany@example.com,60,Argentina
U0327,Sra. Adriana Iglesias,kathrynbest@example.org,41,Perú
U0328,Raquel Ribes,balderasclara@example.net,22,Estados Unidos
U0329,Diamond Collins,oblanca@example.net,39,Costa Rica
U0330,Melisa Batalla-Menéndez,terrimoore@example.com,38,Estados Unidos
U0331,Mariano Claudio Rendón,pblair@example.org,25,Francia
U0332,Adalberto Darío Alba,parkerjudith@example.net,37,El Salvador
U0333,Jacob Brady,hmontenegro@example.net,37,Estados Unidos
U0334,Ana Belén Jódar,andreunico@example.com,44,Chile
U0335,Carina Pedro-Criado,crawfordwilliam@example.org,43,Francia
U0336,Scott Smith,carlosjavier@example.net,36,El Salvador
U0337,Rodolfo Perea Garrido,ynarvaez@example.org,26,Argentina
U0338,Dra. Bianca Sandoval,sigfridomontero@example.com,44,Estados Unidos
U0339,Valentín Sola Lumbreras,whitelinda@example.org,42,Estados Unidos
U0340,Esteban Mateu,chema87@example.org,65,China
U0341,Elvira Corona,stevenvargas@example.com,29,Costa Rica
U0342,Florencio Abella Peñalver,oalva@example.net,54,Colombia
U0343,Calisto Losada Buendía,dalton83@example.com,43,El Salvador
U0344,Piedad Blazquez Bustos,liliapaz@example.net,18,Colombia
U0345,Matthew Anderson,danafoster@example.net,36,Argentina
U0346,Jesse Hall,renata56@example.net,45,Italia
U0347,Mauricio Miguel Ángel Martínez Palomo,nataliacardona@example.org,55,Costa Rica
U0348,Artemio Criado Mayo,luis-manuel74@example.com,59,Chile
U0349,José Carlos Ortiz,lewismelissa@example.org,47,Honduras
U0350,Margarita Noelia Urbina,byrdjorge@example.org,46,Estados Unidos
U0351,Ángel Garibay Cedillo,riosfelix@example.org,31,El Salvador
U0352,Kevin Lowery,rnieves@example.net,48,Italia
U0353,Arturo Mármol Carvajal,barraganleonardo@example.net,68,Francia
U0354,Leonor Andreu Piñeiro,karteaga@example.net,28,Estados Unidos
U0355,Jacinto Comas-Aramburu,nthompson@example.org,23,Colombia
U0356,Armando Losa Piñol,deborahporter@example.net,50,Estados Unidos
U0357,Aida Olivas,pfeliciano@example.net,58,Costa Rica
U0358,Devin Johnson,timothy75@example.net,39,México
U0359,Mónica Isabel Viera Gonzales,anthonycochran@example.com,70,Italia
U0360,Sabina de Gimenez,gutierrezursula@example.org,33,Estados Unidos
U0361,Dra. Victoria Muñoz,lkelly@example.org,37,Argentina
U0362,Travis Copeland,warnermichael@example.net,69,Argentina
U0363,Tomás Gaona,gabino70@example.org,27,Guatemala
U0364,Jorge Ernesto Mejía Bahena,vabrego@example.net,20,Argentina
U0365,Toni Brooks,natividadcollado@example.org,48,Costa Rica
U0366,Cayetano Rueda Torrens,vwillis@example.com,67,México
U0367,Srita. Josefina Maldonado,grant89@example.com,47,Perú
U0368,Lance Mccall,david09@example.com,58,Costa Rica
U0369,Ángela Granados Montenegro,daniellegarcia@example.com,30,Francia
U0370,Stacie Griffin,fannyborrego@example.net,62,Perú
U0371,Plácido Abella Asensio,josepbauza@example.com,49,Perú
U0372,Felicia Perez Cadenas,krivas@example.com,33,España
U0373,Sr. Jaime Ibarra,ferminsanmiguel@example.org,59,Francia
U0374,Roberto Bernabé Mireles,monroyjorge@example.com,18,China
U0375,Ing. Celia Avilés,bbush@example.net,66,Japón
U0376,Monica Baker,luis36@example.net,67,China
U0377,Katherine Brown,jordan10@example.com,24,Italia
U0378,Christina Johnson,sbrito@example.net,45,Argentina
U0379,Laura Landa Bou,emiliano71@example.com,29,Italia
U0380,Amanda Estefanía Quiñónez Rivero,ylopez@example.com,62,El Salvador
U0381,Bernardo Benito Montañez Toro,pilarleiva@example.net,47,Guatemala
U0382,Joseph Camacho,carolinabarrera@example.com,53,Argentina
U0383,José Villanueva Colom,albamartinez@example.org,25,Honduras
U0384,Alfredo Manuel Berríos Puga,kdelgadillo@example.org,26,Italia
U0385,Andrea Hughes,noemiholguin@example.com,47,Estados Unidos
U0386,Lic. Miriam Perea,rocio48@example.com,51,El Salvador
U0387,Traci Garcia,jcornejo@example.net,56,Chile
U0388,Gregorio Torralba-Suárez,liramagdalena@example.com,66,China
U0389,Melissa Williams,rodolfopadron@example.org,46,Costa Rica
U0390,Florentino Mateo Mercader,augustotalavera@example.com,70,Francia
U0391,Remedios Montesinos Leon,ocabello@example.org,50,Perú
U0392,Yago Ramírez,fjacobs@example.org,53,Honduras
U0393,Ana Mckinney,xmalone@example.org,28,Francia
U0394,Evelio Felipe Baeza Haro,mercedeszamora@example.net,48,Honduras
U0395,Ing. Miguel Santiago,xarteaga@example.net,34,Italia
U0396,Itziar Carmen Sánchez Olmo,angladajose-antonio@example.com,33,Japón
U0397,Alexander Williams,pilarjordan@example.net,58,Colombia
U0398,Lic. Porfirio Almonte,mercedesholland@example.net,67,Italia
U0399,Courtney Franklin,wellsdavid@example.org,51,Honduras
U0400,Joan Matas,teo65@example.com,58,Argentina
U0401,Sara Hoffman,asilva@example.net,35,Honduras
U0402,Miguel Morcillo-Lluch,kenneth17@example.org,22,Francia
U0403,Ing. Soledad Maya,godofredo28@example.org,36,Argentina
U0404,Graciela Pont Aranda,jenniferrios@example.com,35,Chile
U0405,Karen Shepard,matthewreeves@example.net,38,China
U0406,Jonatan Castellanos Jordán,ramona28@example.org,52,México
U0407,José Garica,staceylam@example.net,26,España
U0408,Samuel Ruiz,robert55@example.com,32,Perú
U0409,Edwin Brown,kennedyjames@example.org,62,España
U0410,Victoria Thomas,leonelmonroy@example.com,63,Argentina
U0411,Salma Baeza Acuña,kimberlyfreeman@example.net,22,Perú
U0412,Berto Roura Román,hugo29@example.org,44,Chile
U0413,Débora Niño,ytejada@example.org,52,Honduras
U0414,Francisco Javier Montañez,lucia30@example.net,44,Guatemala
U0415,Austin Williams,cristianpla@example.net,31,Japón
U0416,Victoria Cañete Noriega,mvina@example.net,44,Perú
U0417,Francisco Javier Ceja,maricela32@example.com,67,Costa Rica
U0418,Yeni Archuleta Núñez,villalpandojuana@example.org,62,Guatemala
U0419,Agustín Alvaro Carrillo,kelsey90@example.net,66,Costa Rica
U0420,Odalys Coronado Fuertes,hpinto@example.net,42,Honduras
U0421,Larry Taylor,turnerdorothy@example.net,18,Chile
U0422,Marco Folch,leyvagabino@example.org,37,Italia
U0423,Roberto Salgado Franco,pepitoredondo@example.com,42,Japón
U0424,Brian Andrews,arivera@example.org,44,El Salvador
U0425,Summer Newman,ciprianovidal@example.org,65,Francia
U0426,Humberto Murillo Marroquín,juan-luis70@example.org,52,Italia
U0427,Enrique Jesús Muñiz Quezada,bustamanterenata@example.org,56,China
U0428,Leonel Leonel Reyes,natalie15@example.com,32,Honduras
U0429,Carol Anderson,ztejera@example.com,32,Colombia
U0430,Julie Ríos-Escudero,jarvismegan@example.org,45,Honduras
U0431,Monica Snow,nmaxwell@example.org,19,Perú
U0432,Gregorio Jacobo Alcala,acarbajo@example.com,39,Estados Unidos
U0433,Mercedes Davis,tiffanysantiago@example.com,61,Italia
U0434,Simón Ballester Alberdi,timothyalvarado@example.net,43,Francia
U0435,Óscar Javier Guajardo,williamharrison@example.com,28,Japón
U0436,Robert Miller,aureliano83@example.net,47,China
U0437,Jose Ramón Alemán Calderon,fborja@example.com,26,Costa Rica
U0438,Tomás Wilfrido Maestas,jaraujo@example.net,52,Guatemala
U0439,Sebastian Gisbert Santos,diamondbryant@example.com,43,Costa Rica
U0440,Francisco Abel Mondragón,tparra@example.com,54,Estados Unidos
U0441,Emilio Salcedo Cintrón,carla85@example.net,19,México
U0442,Julio César Flavio Reyna,nrodriguez@example.org,59,Perú
U0443,Patricia Hayes,flavio60@example.net,26,Japón
U0444,Lucía Vigil,tamarasmith@example.net,47,España
U0445,Julio Timoteo Zelaya,jesusaduran@example.net,21,Colombia
U0446,Lic. Jorge Lozano,mriquelme@example.net,42,Chile
U0447,Kayla Cameron,emilianorey@example.net,31,Honduras
U0448,Dra. Úrsula Montaño,jennifer83@example.org,38,Chile
U0449,Mallory Page,tinasantos@example.org,66,China
U0450,Ryan Stokes,rrincon@example.net,42,Colombia
U0451,Gustavo Cruz,johnsondustin@example.net,66,Japón
U0452,Robert Garcia,esteban04@example.org,44,Colombia
U0453,Rebecca Roberts,juliahoffman@example.org,23,Honduras
U0454,Amelia de Iglesias,housepaul@example.net,19,Francia
U0455,Nicole Payne,ogarza@example.net,52,Guatemala
U0456,Néstor Benavente Estévez,kimberlybrandt@example.com,40,Argentina
U0457,Dulce de Cuevas,ocasioaurelio@example.com,59,México
U0458,Perla Ávalos Madera,adam72@example.org,67,Estados Unidos
U0459,Andrea Santiago,camilo58@example.org,20,Italia
U0460,Dulce María Gallardo Meraz,itorrez@example.com,19,Argentina
U0461,Sandra de Carbó,lazaro39@example.net,30,Japón
U0462,Juana Carrera Olvera,sean99@example.org,19,Costa Rica
U0463,Andrew Villanueva,amador85@example.net,27,Argentina
U0464,Lori Clark,laura11@example.org,26,Honduras
U0465,Violeta Puga,michellecoleman@example.org,60,México
U0466,Brandon Brown,burgesseric@example.com,54,Argentina
U0467,Javiera Quiroga Roselló,gonivisitacion@example.com,47,Francia
U0468,Nathan Brown,porrasignacia@example.org,34,Italia
U0469,Ing. Uriel Briseño,haynescharles@example.net,41,España
U0470,Celia Nadia Garay Chacón,zpizarro@example.net,56,Costa Rica
U0471,Michael Sloan,irobles@example.com,65,Francia
U0472,Alfredo Abelardo Vega,susan08@example.net,25,Italia
U0473,Dolores Paz Sepúlveda,fmedina@example.com,70,España
U0474,Baudelio Escudero,jose-luisgarcia@example.net,37,México
U0475,Angelina del Bautista,yorksarah@example.net,55,Guatemala
U0476,Felipa Castellanos Guitart,figueroalucila@example.net,37,Costa Rica
U0477,Eulalia Maza Corominas,reina13@example.com,61,China
U0478,Rubén de Rubio,lindsey62@example.org,42,Perú
U0479,Remedios Mayoral Torrens,eloy57@example.com,63,Argentina
U0480,Daniela Irizarry,thompsoncatherine@example.com,22,Costa Rica
U0481,Kevin Sullivan,lunapatricia@example.net,62,Japón
U0482,Reginald Diaz,rebeccaarnold@example.net,58,Argentina
U0483,Itzel Martha Alarcón,gustavo78@example.net,24,Francia
U0484,Jose Griffin,melaniedrake@example.net,67,Colombia
U0485,Eloisa Anabel Jaime Negrón,ilsemunoz@example.org,61,Costa Rica
U0486,África Sanz Artigas,fonsecaleticia@example.com,69,México
U0487,Macaria Dávila-Peñas,felix84@example.net,68,Costa Rica
U0488,William Walker,pdiaz@example.org,68,Guatemala
U0489,Stephen Gonzales,olga57@example.com,40,El Salvador
U0490,Esteban Eloy Nájera Zarate,serranosofia@example.com,45,Estados Unidos
U0491,Michael Mendoza,guerrerorobert@example.com,41,México
U0492,Salvador Silvano Cruz Cervantes,deborahjenkins@example.org,50,Estados Unidos
U0493,Juan Ramirez Alfonso,macdonalddylan@example.org,39,Guatemala
U0494,Carlota Gimenez Reig,stacey37@example.net,44,Japón
U0495,Deborah Ramsey,laurahoover@example.org,49,México
U0496,Baltasar Alegre Francisco,obayona@example.com,45,Chile
U0497,Rocío Pilar Arellano Tapia,mserrano@example.org,58,China
U0498,Stephanie Hampton,davisdonna@example.net,47,Francia
U0499,Crystal Lang,xboyd@example.org,27,Perú
U0500,Lic. Gabriel Botello,dolores91@example.com,29,Francia
